{"cameraMode":{"drawMode":0,"name":"Shaded","section":"Shading Mode"},"sceneLighting":false,"audioPlay":false,"sceneViewState":{"m_AlwaysRefresh":false,"showFog":true,"showSkybox":true,"showFlares":true,"showImageEffects":true,"showParticleSystems":true,"showVisualEffectGraphs":true,"m_FxEnabled":true},"in2DMode":false,"pivot":{"x":-4.789585113525391,"y":-23.106401443481447,"z":3.71975040435791},"rotation":{"x":0.0012164391810074449,"y":0.5806248188018799,"z":0.0008772806031629443,"w":-0.8141917586326599},"size":17.88388442993164,"orthographic":false}