{"cameraMode":{"drawMode":0,"name":"Shaded","section":"Shading Mode"},"sceneLighting":false,"audioPlay":false,"sceneViewState":{"m_AlwaysRefresh":false,"showFog":true,"showSkybox":true,"showFlares":true,"showImageEffects":true,"showParticleSystems":true,"showVisualEffectGraphs":true,"m_FxEnabled":true},"in2DMode":false,"pivot":{"x":-3.204463005065918,"y":12.289956092834473,"z":0.7192916870117188},"rotation":{"x":-0.06887024641036987,"y":-0.047013480216264728,"z":0.0032791236881166698,"w":-0.996574878692627},"size":35.46463394165039,"orthographic":false}