{"cameraMode":{"drawMode":0,"name":"Shaded","section":"Shading Mode"},"sceneLighting":false,"audioPlay":false,"sceneViewState":{"m_AlwaysRefresh":false,"showFog":true,"showSkybox":true,"showFlares":true,"showImageEffects":true,"showParticleSystems":true,"showVisualEffectGraphs":true,"m_FxEnabled":true},"in2DMode":false,"pivot":{"x":-18.29865264892578,"y":-3.6380562782287599,"z":-28.232711791992189},"rotation":{"x":-0.0047073219902813438,"y":-0.9917904734611511,"z":-0.03417985513806343,"w":0.12454687803983689},"size":49.05596923828125,"orthographic":false}