{"cameraMode":{"drawMode":0,"name":"Shaded","section":"Shading Mode"},"sceneLighting":false,"audioPlay":false,"sceneViewState":{"m_AlwaysRefresh":false,"showFog":true,"showSkybox":true,"showFlares":true,"showImageEffects":true,"showParticleSystems":true,"showVisualEffectGraphs":true,"m_FxEnabled":true},"in2DMode":false,"pivot":{"x":-1.024888038635254,"y":-2.4569272994995119,"z":-25.918594360351564},"rotation":{"x":-0.026125220581889154,"y":0.9702959060668945,"z":-0.20682869851589204,"w":-0.12326212227344513},"size":47.249385833740237,"orthographic":false}