{"cameraMode":{"drawMode":0,"name":"Shaded","section":"Shading Mode"},"sceneLighting":false,"audioPlay":false,"sceneViewState":{"m_AlwaysRefresh":false,"showFog":true,"showSkybox":true,"showFlares":true,"showImageEffects":true,"showParticleSystems":true,"showVisualEffectGraphs":true,"m_FxEnabled":true},"in2DMode":false,"pivot":{"x":18.086183547973634,"y":-48.892730712890628,"z":-100.49073791503906},"rotation":{"x":0.02480168081820011,"y":0.9636610150337219,"z":-0.24811480939388276,"w":0.0962553545832634},"size":84.54991912841797,"orthographic":false}