{"cameraMode":{"drawMode":0,"name":"Shaded","section":"Shading Mode"},"sceneLighting":false,"audioPlay":false,"sceneViewState":{"m_AlwaysRefresh":false,"showFog":true,"showSkybox":true,"showFlares":true,"showImageEffects":true,"showParticleSystems":true,"showVisualEffectGraphs":true,"m_FxEnabled":true},"in2DMode":false,"pivot":{"x":-7.642508506774902,"y":-23.26709747314453,"z":-3.8216018676757814},"rotation":{"x":-0.06887024641036987,"y":-0.047013480216264728,"z":0.0032791236881166698,"w":-0.996574878692627},"size":14.071922302246094,"orthographic":false}