{"cameraMode":{"drawMode":0,"name":"Shaded","section":"Shading Mode"},"sceneLighting":false,"audioPlay":false,"sceneViewState":{"m_AlwaysRefresh":false,"showFog":true,"showSkybox":true,"showFlares":true,"showImageEffects":true,"showParticleSystems":true,"showVisualEffectGraphs":true,"m_FxEnabled":true},"in2DMode":false,"pivot":{"x":12.48491382598877,"y":9.518342971801758,"z":3.3780593872070314},"rotation":{"x":0.0013104176614433528,"y":-0.9894068837165833,"z":-0.01193927600979805,"w":-0.14606918394565583},"size":29.664592742919923,"orthographic":false}