{"cameraMode":{"drawMode":0,"name":"Shaded","section":"Shading Mode"},"sceneLighting":false,"audioPlay":false,"sceneViewState":{"m_AlwaysRefresh":false,"showFog":true,"showSkybox":true,"showFlares":true,"showImageEffects":true,"showParticleSystems":true,"showVisualEffectGraphs":true,"m_FxEnabled":true},"in2DMode":false,"pivot":{"x":0.06906509399414063,"y":-17.268672943115236,"z":6.369171142578125},"rotation":{"x":0.10320066660642624,"y":-0.047748733311891559,"z":0.004926415625959635,"w":0.993527889251709},"size":13.870926856994629,"orthographic":false}