{"cameraMode":{"drawMode":0,"name":"Shaded","section":"Shading Mode"},"sceneLighting":false,"audioPlay":false,"sceneViewState":{"m_AlwaysRefresh":false,"showFog":true,"showSkybox":true,"showFlares":true,"showImageEffects":true,"showParticleSystems":true,"showVisualEffectGraphs":true,"m_FxEnabled":true},"in2DMode":false,"pivot":{"x":-4.138919353485107,"y":-26.718929290771486,"z":-9.505805969238282},"rotation":{"x":0.001905036740936339,"y":-0.9977648258209229,"z":0.038951028138399127,"w":0.05738772451877594},"size":28.42003059387207,"orthographic":false}