{"cameraMode":{"drawMode":0,"name":"Shaded","section":"Shading Mode"},"sceneLighting":false,"audioPlay":false,"sceneViewState":{"m_AlwaysRefresh":false,"showFog":true,"showSkybox":true,"showFlares":true,"showImageEffects":true,"showParticleSystems":true,"showVisualEffectGraphs":true,"m_FxEnabled":true},"in2DMode":false,"pivot":{"x":-0.12492984533309937,"y":2.8116273880004885,"z":0.40746378898620608},"rotation":{"x":0.38294535875320437,"y":0.013912945054471493,"z":-0.005741763394325972,"w":0.9237265586853027},"size":10.842758178710938,"orthographic":false}