{"cameraMode":{"drawMode":0,"name":"Shaded","section":"Shading Mode"},"sceneLighting":false,"audioPlay":false,"sceneViewState":{"m_AlwaysRefresh":false,"showFog":true,"showSkybox":true,"showFlares":true,"showImageEffects":true,"showParticleSystems":true,"showVisualEffectGraphs":true,"m_FxEnabled":true},"in2DMode":false,"pivot":{"x":-34.182472229003909,"y":-3.1839675903320314,"z":-1.2369461059570313},"rotation":{"x":0.044820886105298999,"y":-0.9310855865478516,"z":0.12217359244823456,"w":0.3409518003463745},"size":82.46578979492188,"orthographic":false}