{"cameraMode":{"drawMode":0,"name":"Shaded","section":"Shading Mode"},"sceneLighting":false,"audioPlay":false,"sceneViewState":{"m_AlwaysRefresh":false,"showFog":true,"showSkybox":true,"showFlares":true,"showImageEffects":true,"showParticleSystems":true,"showVisualEffectGraphs":true,"m_FxEnabled":true},"in2DMode":false,"pivot":{"x":-0.17554903030395509,"y":-9.785958290100098,"z":1.0693237781524659},"rotation":{"x":-0.0316828228533268,"y":0.9681115746498108,"z":-0.18518629670143128,"w":-0.16568641364574433},"size":26.728240966796876,"orthographic":false}