{"cameraMode":{"drawMode":0,"name":"Shaded","section":"Shading Mode"},"sceneLighting":false,"audioPlay":false,"sceneViewState":{"m_AlwaysRefresh":false,"showFog":true,"showSkybox":true,"showFlares":true,"showImageEffects":true,"showParticleSystems":true,"showVisualEffectGraphs":true,"m_FxEnabled":true},"in2DMode":false,"pivot":{"x":-2.7110631465911867,"y":0.807203471660614,"z":0.07668548077344895},"rotation":{"x":-0.06459555774927139,"y":0.9276471138000488,"z":-0.19046156108379365,"w":-0.3146367073059082},"size":49.95996856689453,"orthographic":false}