{"cameraMode":{"drawMode":0,"name":"Shaded","section":"Shading Mode"},"sceneLighting":false,"audioPlay":false,"sceneViewState":{"m_AlwaysRefresh":false,"showFog":true,"showSkybox":true,"showFlares":true,"showImageEffects":true,"showParticleSystems":true,"showVisualEffectGraphs":true,"m_FxEnabled":true},"in2DMode":false,"pivot":{"x":-0.42112207412719729,"y":14.503891944885254,"z":0.8459869623184204},"rotation":{"x":0.0021238115150481464,"y":-0.9972957372665405,"z":-0.06591718643903732,"w":-0.03233109042048454},"size":20.612600326538087,"orthographic":false}